Ticker,month,open,close,monthly_return
ADANIENT,2023-10,2418.0,2294.65,-0.03878940203162631
ADANIENT,2023-11,2299.0,2358.55,0.06370360348171199
ADANIENT,2023-12,2370.0,2848.95,0.20580268337071997
ADANIENT,2024-01,2852.3,3142.0,0.0770601947072536
ADANIENT,2024-02,3156.9,3285.4,0.04182654193752976
ADANIENT,2024-03,3309.85,3197.1,-0.036655367231638446
ADANIENT,2024-04,3230.2,3054.7,-0.060699240490759844
ADANIENT,2024-05,3071.95,3411.35,0.12230227661534412
ADANIENT,2024-06,3725.0,3177.15,-0.12841368904739042
ADANIENT,2024-07,3179.95,3169.4,-0.004522897166907497
ADANIENT,2024-08,3180.0,3019.35,-0.061512161007071284
ADANIENT,2024-09,3021.1,3135.85,0.03080058511250261
ADANIENT,2024-10,3136.3,2947.25,-0.07496625969053072
ADANIENT,2024-11,2960.0,2228.0,-0.24461773181895236
ADANIPORTS,2023-10,826.0,784.75,-0.05611017560740916
ADANIPORTS,2023-11,784.75,825.5,0.07333246651930825
ADANIPORTS,2023-12,839.2,1024.35,0.2374365788837883
ADANIPORTS,2024-01,1026.55,1207.65,0.15250274371331793
ADANIPORTS,2024-02,1213.6,1320.5,0.0833982852689011
ADANIPORTS,2024-03,1335.0,1341.85,0.01493835564632025
ADANIPORTS,2024-04,1356.8,1324.9,-0.03706664728541318
ADANIPORTS,2024-05,1333.95,1437.4,0.07364804302360334
ADANIPORTS,2024-06,1549.0,1478.1,-0.06682660437513818
ADANIPORTS,2024-07,1483.0,1569.9,0.06469989827060027
ADANIPORTS,2024-08,1580.95,1481.9,-0.06807533880451529
ADANIPORTS,2024-09,1490.0,1448.2,-0.030980260956841723
ADANIPORTS,2024-10,1448.2,1375.95,-0.06238500851788753
ADANIPORTS,2024-11,1386.5,1136.75,-0.18477481353987382
APOLLOHOSP,2023-10,5138.95,4819.9,-0.05842018382676138
APOLLOHOSP,2023-11,4835.0,5528.95,0.15269308148565106
APOLLOHOSP,2023-12,5550.0,5704.1,0.02020156855029837
APOLLOHOSP,2024-01,5741.0,6352.95,0.10485126216293765
APOLLOHOSP,2024-02,6289.65,6101.6,-0.029636049904976893
APOLLOHOSP,2024-03,6102.0,6356.8,0.044598547342820614
APOLLOHOSP,2024-04,6401.0,5947.1,-0.07900422006272015
APOLLOHOSP,2024-05,5947.1,5839.2,-0.020030040865646904
APOLLOHOSP,2024-06,5986.3,6185.7,0.057167760459392945
APOLLOHOSP,2024-07,6180.0,6615.3,0.07732269359172708
APOLLOHOSP,2024-08,6615.3,6927.5,0.032968507694142966
APOLLOHOSP,2024-09,6989.0,7199.15,0.04638047688606906
APOLLOHOSP,2024-10,7201.5,7022.7,-0.01826416993436649
APOLLOHOSP,2024-11,7022.7,6935.1,-0.013772851058383443
ASIANPAINT,2023-10,3166.1,2995.7,-0.05404423954402643
ASIANPAINT,2023-11,2997.95,3119.9,0.06316130241433947
ASIANPAINT,2023-12,3146.95,3402.4,0.07216234953047204
ASIANPAINT,2024-01,3403.0,2957.85,-0.12904508112246402
ASIANPAINT,2024-02,2961.0,2821.9,-0.036680492259374885
ASIANPAINT,2024-03,2832.9,2846.75,0.005297077778758718
ASIANPAINT,2024-04,2860.95,2875.9,0.0017067223963776004
ASIANPAINT,2024-05,2875.1,2881.2,-0.03165960879209527
ASIANPAINT,2024-06,2950.0,2917.05,0.01765249699105178
ASIANPAINT,2024-07,2889.3,3084.45,0.05350433772798676
ASIANPAINT,2024-08,3088.0,3126.8,0.008856695758788221
ASIANPAINT,2024-09,3148.0,3329.1,0.05653850426061985
ASIANPAINT,2024-10,3317.0,2935.65,-0.10426106457961458
ASIANPAINT,2024-11,2958.0,2472.2,-0.15907274180655478
AXISBANK,2023-10,1035.0,981.85,-0.056865664473368174
AXISBANK,2023-11,977.85,1074.25,0.10542292652809225
AXISBANK,2023-12,1075.4,1102.3,-0.0021273706603902923
AXISBANK,2024-01,1095.0,1067.75,-0.027284321763687752
AXISBANK,2024-02,1072.65,1075.1,-0.00843901314272547
AXISBANK,2024-03,1076.0,1047.2,-0.04735046622697289
AXISBANK,2024-04,1052.35,1165.9,0.10711233501092032
AXISBANK,2024-05,1156.0,1162.15,0.010697047440970721
AXISBANK,2024-06,1197.05,1265.25,0.03378543998692696
AXISBANK,2024-07,1273.0,1166.1,-0.07591726761233075
AXISBANK,2024-08,1168.0,1175.25,0.00251642071142203
AXISBANK,2024-09,1176.0,1232.2,0.036507402422611114
AXISBANK,2024-10,1228.1,1159.55,-0.05470183018791027
AXISBANK,2024-11,1164.05,1142.4,-0.02321405668846981
BAJAJ-AUTO,2023-10,5065.0,5314.05,0.05932482133779872
BAJAJ-AUTO,2023-11,5305.0,6090.55,0.13962408899117756
BAJAJ-AUTO,2023-12,6050.0,6797.25,0.12424640881236507
BAJAJ-AUTO,2024-01,6770.0,7667.55,0.14422259032099205
BAJAJ-AUTO,2024-02,7680.0,7909.35,0.033125428599418784
BAJAJ-AUTO,2024-03,7955.0,9148.15,0.137822525979316
BAJAJ-AUTO,2024-04,9194.8,8903.65,-0.015317153553081955
BAJAJ-AUTO,2024-05,8944.0,9084.75,-0.002842826801600285
BAJAJ-AUTO,2024-06,9180.0,9501.65,0.01780310536717554
BAJAJ-AUTO,2024-07,9505.0,9664.2,0.013826528471318985
BAJAJ-AUTO,2024-08,9844.0,10891.55,0.11932069266738599
BAJAJ-AUTO,2024-09,10926.0,12345.95,0.10963859753192946
BAJAJ-AUTO,2024-10,12414.25,9836.3,-0.1909240835866075
BAJAJ-AUTO,2024-11,9905.0,9481.65,-0.03992527301171037
BAJAJFINSV,2023-10,1530.25,1569.55,0.0054450530091925305
BAJAJFINSV,2023-11,1574.9,1673.5,0.06399211622214458
BAJAJFINSV,2023-12,1680.0,1685.8,-8.897061004187012e-05
BAJAJFINSV,2024-01,1685.8,1627.3,-0.029288952517299054
BAJAJFINSV,2024-02,1632.0,1593.8,-0.017537370935429217
BAJAJFINSV,2024-03,1597.95,1643.85,0.018873187058385903
BAJAJFINSV,2024-04,1659.05,1615.0,-0.018833535844471446
BAJAJFINSV,2024-05,1615.0,1528.6,-0.053762109628896056
BAJAJFINSV,2024-06,1580.0,1588.15,0.007837288996065577
BAJAJFINSV,2024-07,1588.2,1651.65,0.04521579546892801
BAJAJFINSV,2024-08,1655.0,1783.05,0.09068387570344996
BAJAJFINSV,2024-09,1796.4,1973.4,0.07217951155904492
BAJAJFINSV,2024-10,1973.0,1750.75,-0.11365649917731932
BAJAJFINSV,2024-11,1762.0,1600.85,-0.08767880549381668
BAJFINANCE,2023-10,7780.8,7492.65,-0.05961017119333309
BAJFINANCE,2023-11,7520.0,7121.9,-0.04684216865857413
BAJFINANCE,2023-12,7160.0,7327.75,0.009422331200451781
BAJFINANCE,2024-01,7336.95,6862.9,-0.05975435159370062
BAJFINANCE,2024-02,6865.9,6495.35,-0.03676983079501132
BAJFINANCE,2024-03,6511.75,7245.25,0.10253444825723397
BAJFINANCE,2024-04,7261.25,6923.55,-0.0451527041284245
BAJFINANCE,2024-05,6937.85,6697.7,-0.026878986444273324
BAJFINANCE,2024-06,6948.85,7115.55,0.028920331716204783
BAJFINANCE,2024-07,7075.0,6806.95,-0.06456178926031542
BAJFINANCE,2024-08,6831.5,7200.15,0.0632785214829473
BAJFINANCE,2024-09,7274.0,7703.0,0.035342504418653074
BAJFINANCE,2024-10,7660.1,6889.75,-0.10557574970790601
BAJFINANCE,2024-11,6930.0,6683.95,-0.03461349586920107
BEL,2023-10,137.9,133.25,-0.04274425287356314
BEL,2023-11,133.75,145.9,0.10196374622356495
BEL,2023-12,147.95,184.2,0.24923702950152596
BEL,2024-01,184.8,185.9,0.00513652338469866
BEL,2024-02,187.7,205.1,0.11832061068702283
BEL,2024-03,205.95,201.5,-0.01994163424124511
BEL,2024-04,205.0,233.75,0.1072951207958314
BEL,2024-05,234.7,295.95,0.260702875399361
BEL,2024-06,323.0,305.9,-0.04001255295779068
BEL,2024-07,310.95,316.05,0.027303754266211715
BEL,2024-08,317.7,299.3,-0.03808452514864203
BEL,2024-09,301.95,285.1,-0.03974402155607934
BEL,2024-10,285.1,284.9,0.0033456594470857148
BEL,2024-11,286.65,280.85,-0.02702234540100452
BHARTIARTL,2023-10,918.25,914.4,-0.011779963255160465
BHARTIARTL,2023-11,903.0,1014.7,0.11084350539164704
BHARTIARTL,2023-12,1015.0,1032.2,0.017246476791169803
BHARTIARTL,2024-01,1031.95,1170.7,0.1556191698336707
BHARTIARTL,2024-02,1165.05,1123.35,-0.02419214732453104
BHARTIARTL,2024-03,1128.0,1228.6,0.0885089040489057
BHARTIARTL,2024-04,1228.0,1322.3,0.08621185361646203
BHARTIARTL,2024-05,1315.25,1372.75,0.05268202906330283
BHARTIARTL,2024-06,1415.3,1444.05,0.038063403062324815
BHARTIARTL,2024-07,1450.0,1491.55,0.025825309491059115
BHARTIARTL,2024-08,1485.0,1589.05,0.05549651278644965
BHARTIARTL,2024-09,1605.0,1709.55,0.08794985203805648
BHARTIARTL,2024-10,1705.0,1612.6,-0.050685818567139655
BHARTIARTL,2024-11,1620.0,1569.3,-0.02916885768195743
BPCL,2023-10,174.25,174.63,0.023142723224748
BPCL,2023-11,175.28,217.85,0.22079013729335953
BPCL,2023-12,220.0,225.33,0.028904109589041153
BPCL,2024-01,229.7,251.18,0.11126841569703139
BPCL,2024-02,252.28,301.93,0.18762537859418643
BPCL,2024-03,305.5,301.2,-0.03353120487726613
BPCL,2024-04,301.5,303.68,0.011087065090727431
BPCL,2024-05,309.0,313.9,-0.01080893706866671
BPCL,2024-06,332.5,303.95,-0.08745646691485529
BPCL,2024-07,305.7,350.05,0.14940075521260876
BPCL,2024-08,351.0,357.65,0.024491549699226452
BPCL,2024-09,361.0,369.95,0.03208257776537871
BPCL,2024-10,370.0,310.75,-0.1561439239646979
BPCL,2024-11,311.95,285.85,-0.08674121405750791
BRITANNIA,2023-10,4524.8,4426.5,-0.015337730371820357
BRITANNIA,2023-11,4442.6,4852.65,0.1035521797466626
BRITANNIA,2023-12,4873.0,5338.45,0.07397274053211282
BRITANNIA,2024-01,5339.0,5198.4,-0.022820406782209958
BRITANNIA,2024-02,5196.05,4965.2,-0.03562133395486162
BRITANNIA,2024-03,4965.2,4911.25,-0.0033382714045091665
BRITANNIA,2024-04,4929.95,4775.95,-0.024360598136950483
BRITANNIA,2024-05,4789.95,5179.8,0.08827329740632202
BRITANNIA,2024-06,5300.0,5475.55,0.059551453229614144
BRITANNIA,2024-07,5475.05,5784.45,0.05623116954259104
BRITANNIA,2024-08,5784.45,5855.25,0.021831889217559814
BRITANNIA,2024-09,5882.05,6338.15,0.07024475908242783
BRITANNIA,2024-10,6306.9,5726.9,-0.11156444644394638
BRITANNIA,2024-11,5768.55,4848.35,-0.14837389448538127
CIPLA,2023-10,1184.0,1200.0,0.014541765302671665
CIPLA,2023-11,1200.0,1212.3,0.00919875130072837
CIPLA,2023-12,1213.45,1246.3,0.033673384755743475
CIPLA,2024-01,1252.45,1351.0,0.07993605115907274
CIPLA,2024-02,1359.7,1480.35,0.06680358880121054
CIPLA,2024-03,1494.0,1496.95,0.01771024542796924
CIPLA,2024-04,1510.0,1400.0,-0.06582590998565381
CIPLA,2024-05,1400.0,1447.2,0.019119045104045697
CIPLA,2024-06,1482.0,1480.8,0.01958894205942097
CIPLA,2024-07,1484.95,1544.3,0.044080859982421776
CIPLA,2024-08,1545.95,1654.9,0.07030138403828744
CIPLA,2024-09,1669.0,1654.1,0.004524337290863157
CIPLA,2024-10,1660.0,1551.75,-0.06793404811244251
CIPLA,2024-11,1565.1,1486.5,-0.04684043474079058
COALINDIA,2023-10,297.05,314.25,0.0765673175745119
COALINDIA,2023-11,313.2,342.15,0.11576716125876407
COALINDIA,2023-12,343.8,376.0,0.08466753209288916
COALINDIA,2024-01,377.8,406.15,0.06377684651650069
COALINDIA,2024-02,408.8,436.7,0.07376444553725105
COALINDIA,2024-03,438.0,434.1,-0.02744483029013106
COALINDIA,2024-04,436.7,454.3,0.027711797307996833
COALINDIA,2024-05,457.55,491.2,0.08217669090107957
COALINDIA,2024-06,515.0,473.15,-0.07651019810676304
COALINDIA,2024-07,473.35,522.2,0.09983150800336991
COALINDIA,2024-08,535.0,524.95,-0.028589933382679372
COALINDIA,2024-09,527.0,510.15,-0.020543342613036468
COALINDIA,2024-10,512.0,452.05,-0.1110127826941986
COALINDIA,2024-11,454.65,414.05,-0.08829681823186165
DRREDDY,2023-10,1117.38,1073.51,-0.017238222531446187
DRREDDY,2023-11,1077.0,1157.63,0.0826155673390756
DRREDDY,2023-12,1160.0,1159.58,0.008435662851775678
DRREDDY,2024-01,1160.0,1224.23,0.05144589592297724
DRREDDY,2024-02,1217.89,1284.85,0.07193212250652811
DRREDDY,2024-03,1289.8,1231.58,-0.005755988084378191
DRREDDY,2024-04,1243.0,1240.86,-0.007367587415104784
DRREDDY,2024-05,1239.05,1158.37,-0.07883101391650107
DRREDDY,2024-06,1187.58,1280.47,0.10704096277211966
DRREDDY,2024-07,1286.0,1350.1,0.06245179973873483
DRREDDY,2024-08,1359.1,1406.27,0.020818966455912184
DRREDDY,2024-09,1409.94,1350.32,-0.017541817335186314
DRREDDY,2024-10,1350.32,1274.2,-0.056022284452741766
DRREDDY,2024-11,1280.0,1214.45,-0.035844712607176775
EICHERMOT,2023-10,3426.9,3295.55,-0.016664677448230563
EICHERMOT,2023-11,3309.8,3896.9,0.1872648335745297
EICHERMOT,2023-12,3922.0,4143.5,0.06483861019736847
EICHERMOT,2024-01,4145.0,3839.6,-0.04921564500352867
EICHERMOT,2024-02,3843.0,3792.4,-0.035797823655039085
EICHERMOT,2024-03,3790.2,4019.3,0.0457259564725319
EICHERMOT,2024-04,4060.8,4597.4,0.16488667604170615
EICHERMOT,2024-05,4598.0,4733.45,0.02847427429167395
EICHERMOT,2024-06,4800.0,4672.95,0.00044959696843175316
EICHERMOT,2024-07,4640.0,4962.7,0.07057414977726476
EICHERMOT,2024-08,4970.5,4960.5,-0.0016704234422798626
EICHERMOT,2024-09,4949.75,5026.25,0.023269780840603056
EICHERMOT,2024-10,5026.3,4894.65,-0.015685801333293115
EICHERMOT,2024-11,4984.85,4986.2,0.006581072351421078
GRASIM,2023-10,1920.46,1879.23,-0.01808406136354131
GRASIM,2023-11,1886.5,1997.51,0.0732665287591005
GRASIM,2023-12,2011.95,2126.35,0.058902329102073124
GRASIM,2024-01,2136.51,2175.0,0.02648569055349991
GRASIM,2024-02,2175.0,2191.4,0.029502959691816304
GRASIM,2024-03,2209.0,2287.3,0.014368708146702776
GRASIM,2024-04,2300.0,2411.65,0.05195088438638193
GRASIM,2024-05,2410.0,2316.25,-0.04968510882720984
GRASIM,2024-06,2400.0,2670.45,0.12734295845997956
GRASIM,2024-07,2666.2,2776.75,0.018467576291079778
GRASIM,2024-08,2781.95,2698.85,-0.024629562703288792
GRASIM,2024-09,2706.75,2795.55,0.0389289430652594
GRASIM,2024-10,2794.05,2695.85,-0.03759170340752911
GRASIM,2024-11,2719.0,2598.65,-0.0371447626810923
HCLTECH,2023-10,1232.5,1276.0,0.030112214418341773
HCLTECH,2023-11,1280.0,1340.9,0.06509392747924861
HCLTECH,2023-12,1346.0,1466.1,0.09680556594598629
HCLTECH,2024-01,1460.0,1576.0,0.062173546756529065
HCLTECH,2024-02,1576.0,1663.85,0.05480537593508293
HCLTECH,2024-03,1675.45,1543.55,-0.06115808040873424
HCLTECH,2024-04,1549.0,1366.6,-0.12211729941543016
HCLTECH,2024-05,1358.0,1324.1,-0.02689792018813856
HCLTECH,2024-06,1350.55,1459.6,0.11042641408954305
HCLTECH,2024-07,1465.0,1642.6,0.11828981856554448
HCLTECH,2024-08,1640.05,1753.25,0.06869647374356164
HCLTECH,2024-09,1764.2,1796.1,-0.005839537265104022
HCLTECH,2024-10,1790.0,1766.05,-0.02777319020093589
HCLTECH,2024-11,1777.0,1898.4,0.08023216114714919
HDFCBANK,2023-10,1527.0,1476.5,-0.020921056994131465
HDFCBANK,2023-11,1462.25,1558.8,0.05717192268565612
HDFCBANK,2023-12,1557.9,1709.25,0.09891346277484885
HDFCBANK,2024-01,1706.0,1462.55,-0.13871385666332958
HDFCBANK,2024-02,1465.05,1403.4,-0.042929723463020306
HDFCBANK,2024-03,1400.0,1447.9,0.011986720251616349
HDFCBANK,2024-04,1458.0,1520.1,0.033730023801428026
HDFCBANK,2024-05,1522.0,1531.55,-0.0004568445097079755
HDFCBANK,2024-06,1599.0,1683.8,0.07098333545350459
HDFCBANK,2024-07,1680.0,1615.75,-0.052457189772460736
HDFCBANK,2024-08,1622.9,1636.9,-0.0011593849157919597
HDFCBANK,2024-09,1646.8,1732.05,0.06459940379237217
HDFCBANK,2024-10,1724.0,1735.7,0.005503417912177036
HDFCBANK,2024-11,1733.0,1745.6,0.004777528348586861
HDFCLIFE,2023-10,634.45,618.35,-0.023991792281587772
HDFCLIFE,2023-11,621.8,690.75,0.11402306265623748
HDFCLIFE,2023-12,694.05,646.7,-0.0519680422194531
HDFCLIFE,2024-01,647.0,576.6,-0.11114536765839374
HDFCLIFE,2024-02,577.2,582.0,-0.00868676545733269
HDFCLIFE,2024-03,584.9,633.35,0.07356555640308496
HDFCLIFE,2024-04,638.0,583.65,-0.08050413548641201
HDFCLIFE,2024-05,584.3,549.85,-0.045979005812440354
HDFCLIFE,2024-06,568.95,595.05,0.08171241592437725
HDFCLIFE,2024-07,590.15,715.5,0.19101123595505617
HDFCLIFE,2024-08,715.0,738.7,0.03517376681614353
HDFCLIFE,2024-09,743.15,718.0,-0.03662954514960413
HDFCLIFE,2024-10,716.0,720.15,0.014010137989298692
HDFCLIFE,2024-11,721.95,688.2,-0.04905347519690479
HEROMOTOCO,2023-10,3058.0,3088.35,0.024124552327894948
HEROMOTOCO,2023-11,3095.95,3819.05,0.23495933644844716
HEROMOTOCO,2023-12,3860.0,4139.55,0.10094414893617026
HEROMOTOCO,2024-01,4139.55,4621.55,0.1221303614136043
HEROMOTOCO,2024-02,4621.7,4426.5,-0.034927071750932
HEROMOTOCO,2024-03,4459.9,4722.3,0.04774688824299434
HEROMOTOCO,2024-04,4740.0,4543.05,-0.02941836244191632
HEROMOTOCO,2024-05,4625.0,5119.6,0.12235010413241267
HEROMOTOCO,2024-06,5280.0,5579.6,0.08119210944463821
HEROMOTOCO,2024-07,5595.0,5488.45,-0.02046188716960264
HEROMOTOCO,2024-08,5487.45,5455.4,0.015553301004309366
HEROMOTOCO,2024-09,5535.0,5712.4,0.024057939837223444
HEROMOTOCO,2024-10,5712.4,4989.55,-0.1322672649171319
HEROMOTOCO,2024-11,5039.7,4794.1,-0.04509511004879985
HINDALCO,2023-10,483.1,459.5,-0.042608605063027376
HINDALCO,2023-11,458.5,515.65,0.11443700021612274
HINDALCO,2023-12,520.05,614.85,0.1888051044083526
HINDALCO,2024-01,614.5,579.35,-0.05086828309305366
HINDALCO,2024-02,578.0,503.85,-0.11798687089715532
HINDALCO,2024-03,510.0,560.25,0.0792718166056636
HINDALCO,2024-04,570.0,644.4,0.1333098839254308
HINDALCO,2024-05,635.9,689.35,0.07467456543768021
HINDALCO,2024-06,715.0,693.55,-0.0034485236008335238
HINDALCO,2024-07,699.0,669.6,-0.029354207436399216
HINDALCO,2024-08,680.0,701.35,0.041351150705271005
HINDALCO,2024-09,706.7,756.2,0.10571721011843847
HINDALCO,2024-10,755.0,686.05,-0.09913991202153503
HINDALCO,2024-11,687.5,652.1,-0.05615863366623239
HINDUNILVR,2023-10,2490.0,2484.0,0.006116084086030179
HINDUNILVR,2023-11,2485.0,2545.55,0.029649105066235283
HINDUNILVR,2023-12,2547.5,2663.95,0.03912390536929757
HINDUNILVR,2024-01,2663.85,2481.55,-0.06524154816837736
HINDUNILVR,2024-02,2475.1,2412.3,-0.02478169469598954
HINDUNILVR,2024-03,2416.95,2264.35,-0.06031871187284721
HINDUNILVR,2024-04,2270.0,2230.45,-0.024257404085918137
HINDUNILVR,2024-05,2205.05,2329.05,0.04615280959439428
HINDUNILVR,2024-06,2381.0,2473.05,0.04972621927925637
HINDUNILVR,2024-07,2461.05,2705.65,0.08005668436389772
HINDUNILVR,2024-08,2714.0,2778.0,0.02299718289112696
HINDUNILVR,2024-09,2794.0,2958.3,0.060683745361323746
HINDUNILVR,2024-10,2962.7,2528.25,-0.13527148353997434
HINDUNILVR,2024-11,2543.95,2445.25,-0.03635467980295567
ICICIBANK,2023-10,951.6,915.35,-0.026534084866531887
ICICIBANK,2023-11,913.8,934.95,0.022865269952409707
ICICIBANK,2023-12,935.95,996.6,0.05270941164043517
ICICIBANK,2024-01,991.55,1028.15,0.028767260356213843
ICICIBANK,2024-02,1033.95,1052.2,0.026386382480612546
ICICIBANK,2024-03,1055.0,1093.3,0.005888306191921854
ICICIBANK,2024-04,1096.05,1150.4,0.046151048060746595
ICICIBANK,2024-05,1143.0,1121.05,-0.01614814164728605
ICICIBANK,2024-06,1170.0,1199.6,0.03413793103448268
ICICIBANK,2024-07,1199.6,1214.9,0.0025168131369395406
ICICIBANK,2024-08,1212.5,1229.2,0.015783819519048125
ICICIBANK,2024-09,1239.0,1273.0,0.0350014228220659
ICICIBANK,2024-10,1269.8,1292.25,0.01400659133709974
ICICIBANK,2024-11,1289.95,1278.05,-0.010644062548382103
INDUSINDBK,2023-10,1432.0,1441.3,0.004110352514978308
INDUSINDBK,2023-11,1443.9,1466.1,0.023384056959374566
INDUSINDBK,2023-12,1479.0,1598.95,0.0943841757640054
INDUSINDBK,2024-01,1598.95,1534.05,-0.04052913031241202
INDUSINDBK,2024-02,1537.75,1474.9,-0.04298737955422898
INDUSINDBK,2024-03,1480.0,1553.0,0.017260013755608625
INDUSINDBK,2024-04,1553.0,1515.7,-0.017310684647302933
INDUSINDBK,2024-05,1508.0,1461.85,-0.028800159447249625
INDUSINDBK,2024-06,1514.95,1464.5,-0.042622736484277994
INDUSINDBK,2024-07,1468.95,1427.8,-0.019973917221497793
INDUSINDBK,2024-08,1432.0,1425.25,0.0038032186498574436
INDUSINDBK,2024-09,1425.25,1447.6,-0.001000655601946134
INDUSINDBK,2024-10,1450.0,1055.6,-0.2511881960700859
INDUSINDBK,2024-11,1061.45,998.2,-0.06051764705882349
INFY,2023-10,1436.05,1368.4,-0.045746164574616395
INFY,2023-11,1373.05,1455.15,0.07458553336041059
INFY,2023-12,1459.9,1542.9,0.06238380499896725
INFY,2024-01,1539.0,1660.9,0.07061591517065793
INFY,2024-02,1659.55,1673.9,0.010168673244621548
INFY,2024-03,1669.0,1498.05,-0.0946697286517194
INFY,2024-04,1525.0,1420.55,-0.05008525861780741
INFY,2024-05,1413.0,1406.9,-0.005337763795114677
INFY,2024-06,1440.0,1566.75,0.11441069777366804
INFY,2024-07,1559.5,1868.25,0.1744091023384461
INFY,2024-08,1856.1,1943.7,0.049174133650005475
INFY,2024-09,1943.35,1875.6,-0.045253245100534537
INFY,2024-10,1875.0,1757.25,-0.07724420405912774
INFY,2024-11,1764.5,1902.25,0.08030212681375477
ITC,2023-10,441.0,428.4,-0.025810119386014834
ITC,2023-11,430.0,435.8,0.017986451763606606
ITC,2023-12,437.9,462.1,0.027345486883059163
ITC,2024-01,463.5,441.55,-0.05661788270483922
ITC,2024-02,442.0,406.3,-0.08263716414540521
ITC,2024-03,408.9,428.35,0.04603174603174609
ITC,2024-04,429.1,435.65,0.020974923834075437
ITC,2024-05,436.0,426.45,-0.028587699316628728
ITC,2024-06,434.0,424.9,-0.012664110607645045
ITC,2024-07,426.3,495.35,0.15452744435380494
ITC,2024-08,495.95,501.9,0.016609276888798843
ITC,2024-09,504.0,518.15,0.01588079600039205
ITC,2024-10,518.15,488.8,-0.05308020147229762
ITC,2024-11,491.0,474.65,-0.031919233122578085
JSWSTEEL,2023-10,776.55,736.35,-0.0440116845180136
JSWSTEEL,2023-11,736.9,801.1,0.10580440334046515
JSWSTEEL,2023-12,805.0,880.25,0.08565614208189448
JSWSTEEL,2024-01,880.25,818.65,-0.06717183226982686
JSWSTEEL,2024-02,822.0,800.1,-0.0019957590120993174
JSWSTEEL,2024-03,804.25,830.2,-0.007175316909830184
JSWSTEEL,2024-04,838.0,882.2,0.011755261196169504
JSWSTEEL,2024-05,883.0,880.55,-0.011006907395967954
JSWSTEEL,2024-06,912.0,931.5,0.01769911504424784
JSWSTEEL,2024-07,935.0,928.25,-0.01658014620192815
JSWSTEEL,2024-08,937.55,941.1,0.007008720774704476
JSWSTEEL,2024-09,941.1,1030.05,0.09527353926311861
JSWSTEEL,2024-10,1029.0,963.65,-0.06195853207436969
JSWSTEEL,2024-11,969.9,977.35,0.009346276980274779
KOTAKBANK,2023-10,1730.0,1739.4,0.007150922092585702
KOTAKBANK,2023-11,1731.0,1755.45,0.018006263048016675
KOTAKBANK,2023-12,1760.0,1908.1,0.09003141959440154
KOTAKBANK,2024-01,1909.0,1825.25,-0.04394625880627509
KOTAKBANK,2024-02,1830.0,1689.45,-0.07313125771499106
KOTAKBANK,2024-03,1695.5,1785.5,0.0334548822133472
KOTAKBANK,2024-04,1795.0,1623.95,-0.09312000893505333
KOTAKBANK,2024-05,1590.0,1680.4,0.06648050011106527
KOTAKBANK,2024-06,1721.45,1802.5,0.04915456476819653
KOTAKBANK,2024-07,1802.5,1807.9,-0.0001106133510313689
KOTAKBANK,2024-08,1807.1,1780.8,-0.006610325495774488
KOTAKBANK,2024-09,1782.0,1853.95,0.0413986799606797
KOTAKBANK,2024-10,1847.0,1731.1,-0.07890816217941905
KOTAKBANK,2024-11,1739.6,1761.45,0.009774134372850237
LT,2023-10,3040.5,2929.05,-0.04692101195802483
LT,2023-11,2947.45,3109.2,0.07387835457465534
LT,2023-12,3129.95,3526.0,0.10510397567893687
LT,2024-01,3538.0,3479.75,-0.012962884170815023
LT,2024-02,3480.0,3477.55,0.023410829899941196
LT,2024-03,3501.65,3763.9,0.03588826200633001
LT,2024-04,3780.85,3594.3,-0.06349661281917661
LT,2024-05,3590.05,3669.3,0.01939158216418952
LT,2024-06,3855.4,3548.45,-0.08947564245666711
LT,2024-07,3535.2,3815.0,0.08179382115665447
LT,2024-08,3810.0,3704.65,-0.019752335088508478
LT,2024-09,3706.0,3675.55,-0.0020499036138035154
LT,2024-10,3667.0,3622.3,-0.008539756397974494
LT,2024-11,3624.95,3603.5,-0.0063011016586925995
M&M,2023-10,1597.2,1458.6,-0.05125536620267997
M&M,2023-11,1464.9,1647.75,0.1327856455382924
M&M,2023-12,1656.0,1729.4,0.06391879421716401
M&M,2024-01,1729.4,1651.55,-0.030382199260259497
M&M,2024-02,1659.25,1932.4,0.1703358265451352
M&M,2024-03,1933.6,1921.35,-0.026153729187257727
M&M,2024-04,1938.0,2156.35,0.12547300294892866
M&M,2024-05,2165.1,2506.25,0.1469464338832574
M&M,2024-06,2575.05,2866.65,0.08832574031890664
M&M,2024-07,2841.0,2907.8,0.011109758853904158
M&M,2024-08,2926.5,2805.4,-0.008131805968038466
M&M,2024-09,2848.8,3094.9,0.11447605329492261
M&M,2024-10,3105.5,2728.55,-0.1380350655504659
M&M,2024-11,2780.0,3012.95,0.06931308004897689
MARUTI,2023-10,10709.8,10392.3,0.004387787646541441
MARUTI,2023-11,10390.1,10608.7,0.03724163554234552
MARUTI,2023-12,10608.0,10302.3,-0.026771965954070248
MARUTI,2024-01,10345.0,10186.9,-0.009374422607528677
MARUTI,2024-02,10210.0,11288.35,0.06113461176912957
MARUTI,2024-03,11295.0,12600.35,0.08427882402041137
MARUTI,2024-04,12613.35,12817.5,0.01972218686354376
MARUTI,2024-05,12750.0,12399.3,-0.03170940271058589
MARUTI,2024-06,12825.0,12033.85,-0.03545164173242541
MARUTI,2024-07,12045.0,13115.8,0.08317607660639292
MARUTI,2024-08,13393.0,12403.0,-0.07156571762213626
MARUTI,2024-09,12373.0,13238.0,0.06522683747203763
MARUTI,2024-10,13238.0,11076.45,-0.15870803584991638
MARUTI,2024-11,11150.0,11063.6,-0.0041764176417641435
NESTLEIND,2023-10,2250.69,2423.48,0.08602208360220838
NESTLEIND,2023-11,2420.0,2423.61,0.015222408860330062
NESTLEIND,2023-12,2433.99,2658.03,0.09210472253950518
NESTLEIND,2024-01,2665.0,2506.0,-0.08447925647732746
NESTLEIND,2024-02,2510.0,2596.2,0.05203014831023569
NESTLEIND,2024-03,2596.2,2622.35,0.008033981049030385
NESTLEIND,2024-04,2622.35,2507.4,-0.030244430693069237
NESTLEIND,2024-05,2507.4,2354.9,-0.0626517533734029
NESTLEIND,2024-06,2374.8,2551.65,0.08348018088787919
NESTLEIND,2024-07,2559.8,2456.35,-0.043514660644055916
NESTLEIND,2024-08,2465.0,2500.75,0.006743156199677938
NESTLEIND,2024-09,2500.0,2689.95,0.07173592573409288
NESTLEIND,2024-10,2690.0,2262.95,-0.16405312055558646
NESTLEIND,2024-11,2292.9,2247.3,-0.015335407264601498
NTPC,2023-10,244.35,235.8,-0.022388059701492446
NTPC,2023-11,236.7,261.3,0.12338779019776448
NTPC,2023-12,262.35,311.15,0.15690648819483172
NTPC,2024-01,312.0,317.5,0.025020177562550445
NTPC,2024-02,320.05,335.6,0.04223602484472057
NTPC,2024-03,335.6,335.8,-0.02241630276564771
NTPC,2024-04,339.0,363.2,0.060902585073754824
NTPC,2024-05,363.2,359.0,-0.027232082373662134
NTPC,2024-06,385.0,378.35,-0.034328739152628865
NTPC,2024-07,381.75,416.0,0.1250845165652468
NTPC,2024-08,419.9,416.2,-0.017121265792891725
NTPC,2024-09,417.8,443.2,0.08097560975609754
NTPC,2024-10,446.0,408.15,-0.07259713701431503
NTPC,2024-11,412.0,365.45,-0.11158380940804676
ONGC,2023-10,189.3,186.15,0.00839653304442043
ONGC,2023-11,186.15,194.95,0.04418853776111409
ONGC,2023-12,195.25,205.05,0.05397070161912104
ONGC,2024-01,206.0,252.25,0.22839055271487707
ONGC,2024-02,254.65,264.6,0.06844336765596615
ONGC,2024-03,266.5,268.05,-0.009240436148586212
ONGC,2024-04,268.05,282.85,0.04798073360503908
ONGC,2024-05,281.0,264.35,-0.0652404526166902
ONGC,2024-06,277.95,274.2,-0.03484688489968333
ONGC,2024-07,275.0,334.2,0.22440007327349332
ONGC,2024-08,337.8,330.75,-0.03218727139722019
ONGC,2024-09,330.0,297.6,-0.08767627222562835
ONGC,2024-10,297.0,266.15,-0.08837129645487245
ONGC,2024-11,269.8,245.6,-0.09622815087396507
POWERGRID,2023-10,198.75,202.15,0.013029315960912023
POWERGRID,2023-11,202.35,208.95,0.039810898233391394
POWERGRID,2023-12,211.5,237.2,0.12844909609895339
POWERGRID,2024-01,237.9,259.3,0.08835257082896122
POWERGRID,2024-02,259.0,282.85,0.06414597441685482
POWERGRID,2024-03,285.0,276.9,-0.037539103232533934
POWERGRID,2024-04,280.75,301.85,0.07745850437265768
POWERGRID,2024-05,301.95,310.0,-0.011479591836734766
POWERGRID,2024-06,335.0,330.95,-0.019843032726195732
POWERGRID,2024-07,331.0,348.2,0.05643203883495135
POWERGRID,2024-08,351.15,337.4,-0.06563278870119092
POWERGRID,2024-09,338.4,352.85,0.05155714498584417
POWERGRID,2024-10,351.1,320.8,-0.0855188141391106
POWERGRID,2024-11,322.45,336.95,0.04626610774724414
RELIANCE,2023-10,1164.97,1143.95,-0.013053456189391485
RELIANCE,2023-11,1144.58,1188.72,0.03483938365108381
RELIANCE,2023-12,1189.0,1292.47,0.0796224366203065
RELIANCE,2024-01,1290.28,1426.63,0.10153420892111216
RELIANCE,2024-02,1435.0,1460.8,0.023937195527985042
RELIANCE,2024-03,1463.5,1485.85,-0.0042087485674842
RELIANCE,2024-04,1492.48,1467.0,-0.011974838023141457
RELIANCE,2024-05,1472.0,1430.4,-0.024649688043366993
RELIANCE,2024-06,1483.0,1565.4,0.036462230108651864
RELIANCE,2024-07,1562.53,1505.43,-0.0350735506201327
RELIANCE,2024-08,1512.0,1509.63,-0.0037418333003364653
RELIANCE,2024-09,1510.88,1476.58,-0.02616323165704869
RELIANCE,2024-10,1480.65,1332.05,-0.09064533085750563
RELIANCE,2024-11,1333.05,1265.4,-0.05471930676427744
SBILIFE,2023-10,1302.15,1367.85,0.05833881388061423
SBILIFE,2023-11,1371.05,1435.25,0.07424871823659297
SBILIFE,2023-12,1438.05,1432.6,0.006286657535208666
SBILIFE,2024-01,1435.85,1401.15,-0.021611619300328063
SBILIFE,2024-02,1407.3,1552.55,0.08361542488221947
SBILIFE,2024-03,1564.9,1500.25,-0.027169860260026643
SBILIFE,2024-04,1498.0,1436.55,-0.03584012886338474
SBILIFE,2024-05,1416.35,1386.4,-0.050995961393661436
SBILIFE,2024-06,1435.3,1491.95,0.07218828602227816
SBILIFE,2024-07,1491.95,1753.65,0.16765988614042693
SBILIFE,2024-08,1791.1,1850.3,0.046993917102843376
SBILIFE,2024-09,1850.3,1844.0,-0.02369291859695566
SBILIFE,2024-10,1840.2,1622.15,-0.11560898484352848
SBILIFE,2024-11,1639.4,1485.15,-0.0882217515424992
SBIN,2023-10,596.6,565.55,-0.06202836056057731
SBIN,2023-11,566.25,564.75,-0.002913135593220299
SBIN,2023-12,567.0,642.05,0.12295583734149533
SBIN,2024-01,642.2,640.5,-0.0013253293833320693
SBIN,2024-02,642.75,748.1,0.1550992048174169
SBIN,2024-03,752.0,752.35,-0.021842293440811227
SBIN,2024-04,759.05,826.25,0.0896083344322828
SBIN,2024-05,826.9,830.35,0.00036142401060185316
SBIN,2024-06,863.55,848.95,-0.06260696737150105
SBIN,2024-07,849.35,872.4,0.036166043114199097
SBIN,2024-08,877.8,815.6,-0.05454123920477593
SBIN,2024-09,817.3,787.9,-0.041659064647570396
SBIN,2024-10,788.0,820.2,0.029173724825898736
SBIN,2024-11,822.4,816.05,-0.006271310277642585
SHRIRAMFIN,2023-10,1938.0,1879.85,-0.021904836234033213
SHRIRAMFIN,2023-11,1884.0,2007.2,0.05517150742541729
SHRIRAMFIN,2023-12,2014.0,2053.3,0.024984400349432265
SHRIRAMFIN,2024-01,2055.55,2466.8,0.2039924835883546
SHRIRAMFIN,2024-02,2411.0,2438.6,0.017270148506591063
SHRIRAMFIN,2024-03,2469.5,2359.8,-0.03699320532963319
SHRIRAMFIN,2024-04,2371.0,2551.7,0.04932661663411116
SHRIRAMFIN,2024-05,2546.55,2354.05,-0.0883195848340497
SHRIRAMFIN,2024-06,2450.0,2911.5,0.16035310762608848
SHRIRAMFIN,2024-07,2902.05,2931.95,0.0026331538001196264
SHRIRAMFIN,2024-08,2932.9,3204.5,0.0720080287697583
SHRIRAMFIN,2024-09,3219.95,3576.95,0.10904581040229434
SHRIRAMFIN,2024-10,3577.0,3138.9,-0.12085480618418104
SHRIRAMFIN,2024-11,3159.0,2850.05,-0.09549500944159686
SUNPHARMA,2023-10,1159.55,1088.6,-0.046300757808051284
SUNPHARMA,2023-11,1092.0,1225.85,0.0982350833184016
SUNPHARMA,2023-12,1233.05,1259.45,0.022903553299492424
SUNPHARMA,2024-01,1261.0,1418.45,0.12553064868081734
SUNPHARMA,2024-02,1427.0,1577.95,0.12074292410952094
SUNPHARMA,2024-03,1580.0,1620.55,0.03931377264710595
SUNPHARMA,2024-04,1631.6,1502.1,-0.07804204388522332
SUNPHARMA,2024-05,1503.0,1459.8,-0.038973008558262044
SUNPHARMA,2024-06,1496.5,1520.85,0.046660472798596024
SUNPHARMA,2024-07,1520.85,1719.35,0.1310769028353398
SUNPHARMA,2024-08,1725.5,1821.65,0.06206273320895525
SUNPHARMA,2024-09,1829.95,1926.7,0.060987361986838844
SUNPHARMA,2024-10,1924.85,1848.9,-0.037006172035730076
SUNPHARMA,2024-11,1860.0,1795.3,-0.033953938872148155
TATACONSUM,2023-10,859.32,889.44,0.03279145378541571
TATACONSUM,2023-11,894.88,929.2,0.04163397080913851
TATACONSUM,2023-12,934.29,1073.46,0.15268396920334604
TATACONSUM,2024-01,1080.42,1104.27,0.03508492369989883
TATACONSUM,2024-02,1104.27,1175.44,0.05346932190933704
TATACONSUM,2024-03,1189.22,1082.74,-0.08726586077251192
TATACONSUM,2024-04,1086.5,1094.74,0.019728752934163034
TATACONSUM,2024-05,1100.32,1047.23,-0.02831825562514496
TATACONSUM,2024-06,1063.19,1083.98,0.026476771273271374
TATACONSUM,2024-07,1076.72,1188.95,0.09974933170537703
TATACONSUM,2024-08,1188.95,1200.15,-0.006786113294988885
TATACONSUM,2024-09,1200.0,1196.95,-0.002292239726598316
TATACONSUM,2024-10,1196.95,1002.55,-0.16192267502612334
TATACONSUM,2024-11,1002.55,945.2,-0.05865949606612885
TATAMOTORS,2023-10,632.6,628.65,0.013216214038197971
TATAMOTORS,2023-11,630.0,706.4,0.12537836546120745
TATAMOTORS,2023-12,708.0,779.95,0.10560635055638244
TATAMOTORS,2024-01,785.0,884.2,0.11839109537060463
TATAMOTORS,2024-02,900.0,950.2,0.08161639157655098
TATAMOTORS,2024-03,958.95,992.8,0.015756087579291977
TATAMOTORS,2024-04,1000.0,1007.9,0.015772234819853844
TATAMOTORS,2024-05,1020.0,923.0,-0.10196536291107215
TATAMOTORS,2024-06,963.0,989.75,0.04134883476248088
TATAMOTORS,2024-07,989.75,1156.65,0.15428371837732663
TATAMOTORS,2024-08,1167.0,1111.35,-0.028879762320866986
TATAMOTORS,2024-09,1105.0,974.65,-0.10799432572186894
TATAMOTORS,2024-10,976.9,834.05,-0.1358785743887278
TATAMOTORS,2024-11,847.95,791.0,-0.06218507321121589
TATASTEEL,2023-10,129.0,118.75,-0.072265625
TATASTEEL,2023-11,119.0,127.9,0.09691252144082343
TATASTEEL,2023-12,128.9,139.6,0.0738461538461538
TATASTEEL,2024-01,140.0,135.95,-0.0278870218090812
TATASTEEL,2024-02,136.4,140.85,0.044881305637982066
TATASTEEL,2024-03,143.0,155.85,0.03934644881627213
TATASTEEL,2024-04,156.8,165.0,0.011339258351210506
TATASTEEL,2024-05,165.0,167.2,-0.0008963250672244141
TATASTEEL,2024-06,173.25,174.01,-0.0013773314203730795
TATASTEEL,2024-07,174.5,165.33,-0.050209685758602754
TATASTEEL,2024-08,168.2,152.76,-0.0631669324175151
TATASTEEL,2024-09,153.9,168.55,0.10249869178440618
TATASTEEL,2024-10,169.49,148.56,-0.11057893791534454
TATASTEEL,2024-11,149.66,142.78,-0.04654424040066777
TCS,2023-10,3534.2,3368.75,-0.041293737638203085
TCS,2023-11,3355.0,3487.6,0.047122933961839225
TCS,2023-12,3500.0,3793.4,0.08023293893184115
TCS,2024-01,3790.0,3815.95,0.0012725984623861639
TCS,2024-02,3820.0,4095.1,0.06251702710065768
TCS,2024-03,4107.2,3876.3,-0.053256316631455476
TCS,2024-04,3897.7,3820.65,-0.024535648177698325
TCS,2024-05,3778.05,3670.95,-0.04978904045763993
TCS,2024-06,3732.8,3904.15,0.05436353079384803
TCS,2024-07,3884.0,4385.35,0.10234528178573238
TCS,2024-08,4399.4,4553.75,0.03562575333742685
TCS,2024-09,4576.0,4268.5,-0.055860917264794724
TCS,2024-10,4255.55,3968.45,-0.07450033816087125
TCS,2024-11,3989.85,4244.6,0.06535816475076567
TECHM,2023-10,1220.6,1133.15,-0.06828646604176941
TECHM,2023-11,1130.95,1220.95,0.08519242733979214
TECHM,2023-12,1226.8,1272.65,0.04268567449100827
TECHM,2024-01,1273.0,1333.65,0.02813861157152218
TECHM,2024-02,1330.0,1273.85,-0.029447619047619118
TECHM,2024-03,1287.0,1248.1,-0.0186350055040101
TECHM,2024-04,1252.1,1263.5,0.015226387047527256
TECHM,2024-05,1263.2,1228.45,-0.030349672428763155
TECHM,2024-06,1255.0,1430.35,0.14855261573051753
TECHM,2024-07,1430.35,1554.4,0.05590652808912451
TECHM,2024-08,1554.4,1636.5,0.059600505034154524
TECHM,2024-09,1636.5,1577.2,-0.042176540248383104
TECHM,2024-10,1580.0,1608.65,-0.010305155653992863
TECHM,2024-11,1619.0,1747.45,0.08967043931032329
TITAN,2023-10,3148.8,3189.65,-0.002064919827923319
TITAN,2023-11,3193.85,3490.6,0.09995588327976297
TITAN,2023-12,3499.0,3675.45,0.05328843673878774
TITAN,2024-01,3689.0,3697.55,0.005547774771222303
TITAN,2024-02,3738.0,3624.4,-0.0008408110380569621
TITAN,2024-03,3630.0,3801.8,0.009532913778910775
TITAN,2024-04,3822.95,3589.25,-0.03989674727156005
TITAN,2024-05,3585.0,3241.9,-0.09151031960655179
TITAN,2024-06,3310.0,3404.2,0.043848889979148785
TITAN,2024-07,3382.0,3458.95,0.008014104824491105
TITAN,2024-08,3475.0,3565.15,0.027909524701947665
TITAN,2024-09,3565.15,3823.95,0.06589455199230662
TITAN,2024-10,3823.95,3267.05,-0.13477403037646146
TITAN,2024-11,3304.0,3308.7,0.004554148829583751
TRENT,2023-10,2074.3,2154.7,0.04642805109028212
TRENT,2023-11,2163.7,2787.0,0.26817282096785194
TRENT,2023-12,2787.0,3054.95,0.08806140257149982
TRENT,2024-01,3061.8,3086.95,0.028263548849138908
TRENT,2024-02,3089.0,3881.8,0.2510635554982596
TRENT,2024-03,3924.0,3948.0,0.011983338673502082
TRENT,2024-04,3974.95,4409.9,0.1345837192549139
TRENT,2024-05,4409.9,4559.15,-0.018841328254460193
TRENT,2024-06,4745.8,5479.85,0.175378576637639
TRENT,2024-07,5500.0,5839.0,0.05862409688794619
TRENT,2024-08,5894.0,7158.75,0.24051258057808272
TRENT,2024-09,7179.25,7574.65,0.05965837553509972
TRENT,2024-10,7600.0,7128.35,-0.06362394419851031
TRENT,2024-11,7153.95,6652.8,-0.0694083088543852
ULTRACEMCO,2023-10,8289.0,8422.25,0.014130212284314124
ULTRACEMCO,2023-11,8440.0,9003.65,0.07423536500247557
ULTRACEMCO,2023-12,9103.8,10503.0,0.16262722980788916
ULTRACEMCO,2024-01,10503.0,10167.3,-0.028354357798165208
ULTRACEMCO,2024-02,10170.0,9892.4,-0.003013414228555843
ULTRACEMCO,2024-03,9900.0,9749.15,-0.03811849440086827
ULTRACEMCO,2024-04,9749.15,9971.85,0.0017529936510488557
ULTRACEMCO,2024-05,9971.85,9915.5,-0.006806264367528332
ULTRACEMCO,2024-06,10300.0,11667.9,0.11440728554304902
ULTRACEMCO,2024-07,11669.0,11887.2,-0.0014658137786494278
ULTRACEMCO,2024-08,11887.2,11301.9,-0.05695690266594354
ULTRACEMCO,2024-09,11325.0,11802.0,0.033006853451671384
ULTRACEMCO,2024-10,11802.0,11065.65,-0.06517616149157525
ULTRACEMCO,2024-11,11079.95,11375.3,0.020590715785318237
WIPRO,2023-10,406.45,381.8,-0.05833025033912931
WIPRO,2023-11,383.85,413.05,0.08426302664391659
WIPRO,2023-12,413.75,471.3,0.1561388445970809
WIPRO,2024-01,473.0,478.15,0.002095777009326208
WIPRO,2024-02,477.55,518.6,0.10024398005728227
WIPRO,2024-03,522.4,480.1,-0.07513003274898863
WIPRO,2024-04,483.7,462.4,-0.04649963913805549
WIPRO,2024-05,462.4,438.2,-0.04197638828159158
WIPRO,2024-06,450.2,514.85,0.15931096599864894
WIPRO,2024-07,517.9,522.0,-0.010145064947378444
WIPRO,2024-08,523.0,538.4,0.03230754481833002
WIPRO,2024-09,538.4,541.45,0.01690299558644004
WIPRO,2024-10,540.2,551.8,0.009236396890717796
WIPRO,2024-11,551.7,571.65,0.03681871769293544
